yearID,lgID,G,W,WIN PCT,R,AB,H,HR,BB,SO,SB,RA,ERA,HA,E,FP,RUNDIFF
2000,AL,162,82,0.50617284,864,5628,1574,236,608,1024,93,869,5,1534,134,0.978,0
2000,NL,162,85,0.524691358,792,5527,1466,179,535,975,97,754,4.35,1441,107,0.982,1
2000,NL,162,95,0.586419753,810,5489,1490,179,595,1010,148,714,4.05,1428,129,0.979,1
2000,AL,162,74,0.456790123,794,5549,1508,184,558,900,126,913,5.37,1547,116,0.981,0
2000,AL,162,85,0.524691358,792,5630,1503,167,611,1019,43,745,4.23,1433,109,0.982,1
2000,AL,162,95,0.586419753,978,5646,1615,216,591,960,119,839,4.66,1509,133,0.978,1
2000,NL,162,65,0.401234568,764,5577,1426,183,632,1120,93,904,5.25,1505,100,0.983,0
2000,NL,163,85,0.521472393,825,5635,1545,200,559,995,100,765,4.33,1446,111,0.982,1
2000,AL,162,90,0.555555556,950,5683,1639,221,685,1057,113,816,4.84,1511,72,0.988,1
2000,NL,162,82,0.50617284,968,5660,1664,161,601,907,131,897,5.26,1568,94,0.985,1
2000,AL,162,79,0.487654321,823,5644,1553,177,562,982,83,827,4.71,1583,105,0.983,0
2000,NL,161,79,0.49068323,731,5509,1441,160,540,1184,168,797,4.59,1477,125,0.98,0
2000,NL,162,72,0.444444444,938,5570,1547,249,673,1129,114,944,5.42,1596,133,0.978,0
2000,AL,162,77,0.475308642,879,5709,1644,150,511,840,121,930,5.48,1585,102,0.983,0
2000,NL,162,86,0.530864198,798,5481,1408,211,668,1083,95,729,4.1,1379,135,0.978,1
2000,NL,163,73,0.447852761,740,5563,1366,177,620,1245,72,826,4.63,1501,118,0.981,0
2000,AL,162,69,0.425925926,748,5615,1516,116,556,1021,90,880,5.14,1634,102,0.983,0
2000,NL,162,67,0.413580247,738,5535,1475,178,476,1048,58,902,5.13,1575,132,0.978,0
2000,AL,161,87,0.540372671,871,5556,1541,205,631,1007,99,814,4.76,1458,109,0.981,1
2000,NL,162,94,0.580246914,807,5486,1445,198,675,1037,66,738,4.16,1398,118,0.98,1
2000,AL,161,91,0.565217391,947,5560,1501,239,750,1159,40,813,4.58,1535,134,0.978,1
2000,NL,162,65,0.401234568,708,5511,1386,144,611,1117,102,830,4.77,1458,100,0.983,0
2000,NL,162,69,0.425925926,793,5643,1506,168,564,1032,86,888,4.94,1554,132,0.979,0
2000,NL,162,76,0.469135802,752,5560,1413,157,602,1177,131,815,4.52,1443,141,0.977,0
2000,AL,162,91,0.561728395,907,5497,1481,198,775,1073,122,780,4.49,1442,99,0.984,1
2000,NL,162,97,0.598765432,925,5519,1535,226,709,1032,79,747,4.21,1452,93,0.985,1
2000,NL,162,95,0.586419753,887,5478,1481,235,675,1253,87,771,4.38,1403,111,0.981,1
2000,AL,161,69,0.428571429,733,5505,1414,162,558,1022,90,842,4.86,1553,118,0.981,0
2000,AL,162,71,0.438271605,848,5648,1601,173,580,922,69,974,5.52,1683,135,0.978,0
2000,AL,162,83,0.512345679,861,5677,1562,244,526,1026,89,908,5.14,1615,100,0.984,0
2001,AL,162,75,0.462962963,691,5551,1447,158,494,1001,116,730,4.2,1452,103,0.983,0
2001,NL,162,92,0.567901235,818,5595,1494,208,587,1052,71,677,3.87,1352,84,0.986,1
2001,NL,162,88,0.543209877,729,5498,1432,174,493,1039,85,643,3.59,1363,103,0.983,1
2001,AL,162,63,0.388888889,687,5472,1359,136,514,989,133,829,4.67,1504,125,0.979,0
2001,AL,161,82,0.50931677,772,5605,1493,198,520,1131,46,745,4.15,1412,113,0.981,1
2001,AL,162,83,0.512345679,798,5464,1463,214,520,998,123,795,4.55,1465,118,0.981,1
2001,NL,162,88,0.543209877,777,5406,1409,194,577,1077,67,701,4.03,1357,109,0.982,1
2001,NL,162,66,0.407407407,735,5583,1464,176,468,1172,103,850,4.77,1572,138,0.978,0
2001,AL,162,91,0.561728395,897,5600,1559,212,577,1076,79,821,4.64,1512,107,0.982,1
2001,NL,162,73,0.450617284,923,5690,1663,213,511,1027,132,906,5.29,1522,96,0.984,1
2001,AL,162,66,0.407407407,724,5537,1439,139,466,972,133,876,5.01,1624,131,0.979,0
2001,NL,162,76,0.469135802,742,5542,1461,166,470,1145,89,744,4.32,1397,103,0.983,0
2001,NL,162,93,0.574074074,847,5528,1500,208,581,1119,64,769,4.37,1453,110,0.982,1
2001,AL,162,65,0.401234568,729,5643,1503,152,406,898,100,858,4.87,1537,117,0.981,0
2001,NL,162,86,0.530864198,758,5493,1399,206,519,1062,89,744,4.25,1387,116,0.981,1
2001,NL,162,68,0.419753086,740,5488,1378,209,488,1399,66,806,4.64,1452,103,0.983,0
2001,AL,162,85,0.524691358,771,5560,1514,164,495,1083,146,766,4.51,1494,108,0.982,1
2001,NL,162,68,0.419753086,670,5379,1361,131,478,1071,101,812,4.68,1509,108,0.982,0
2001,AL,161,95,0.590062112,804,5577,1488,203,519,1035,161,713,4.02,1429,109,0.982,1
2001,NL,162,82,0.50617284,642,5459,1361,147,545,1062,66,713,4.07,1418,101,0.983,0
2001,AL,162,102,0.62962963,884,5573,1469,199,640,1021,68,645,3.59,1384,125,0.98,1
2001,NL,162,86,0.530864198,746,5497,1431,164,551,1125,153,719,4.15,1417,91,0.985,1
2001,NL,162,62,0.382716049,657,5398,1333,161,467,1106,93,858,5.05,1493,133,0.978,0
2001,NL,162,79,0.487654321,789,5482,1379,161,678,1273,129,812,4.52,1519,145,0.976,0
2001,AL,162,116,0.716049383,927,5680,1637,169,614,989,174,627,3.54,1293,83,0.986,1
2001,NL,162,90,0.555555556,799,5612,1493,235,625,1090,57,748,4.18,1437,118,0.981,1
2001,NL,162,93,0.574074074,814,5450,1469,199,529,1089,91,684,3.93,1389,110,0.982,1
2001,AL,162,62,0.382716049,672,5524,1426,121,456,1116,115,887,4.94,1513,139,0.977,0
2001,AL,162,73,0.450617284,890,5685,1566,246,548,1093,97,968,5.71,1670,114,0.981,0
2001,AL,162,80,0.49382716,767,5663,1489,195,470,1094,156,753,4.28,1553,97,0.985,1
2002,AL,162,99,0.611111111,851,5678,1603,152,462,805,117,644,3.69,1345,87,0.986,1
2002,NL,162,98,0.604938272,819,5508,1471,165,643,1016,92,674,3.92,1361,89,0.985,1
2002,NL,161,101,0.627329193,708,5495,1428,164,558,1028,76,565,3.13,1302,114,0.982,1
2002,AL,162,67,0.413580247,667,5491,1353,165,452,993,110,773,4.46,1491,91,0.985,0
2002,AL,162,93,0.574074074,859,5640,1560,177,545,944,80,665,3.75,1339,104,0.983,1
2002,AL,162,81,0.5,856,5502,1475,217,555,952,75,798,4.53,1422,97,0.984,1
2002,NL,162,67,0.413580247,706,5496,1351,200,585,1269,63,759,4.29,1373,114,0.981,0
2002,NL,162,78,0.481481481,709,5470,1386,169,583,1188,116,774,4.27,1502,120,0.981,0
2002,AL,162,74,0.456790123,739,5423,1349,192,542,1000,52,837,4.91,1508,113,0.981,0
2002,NL,162,73,0.450617284,778,5512,1508,152,497,1043,103,898,5.2,1554,112,0.982,0
2002,AL,161,55,0.341614907,575,5406,1340,124,363,1035,65,864,4.92,1593,142,0.977,0
2002,NL,162,79,0.487654321,699,5496,1433,146,595,1130,177,763,4.36,1449,106,0.983,0
2002,NL,162,84,0.518518519,749,5503,1441,167,589,1120,71,695,4,1423,83,0.986,1
2002,AL,162,62,0.382716049,737,5535,1415,140,524,921,140,891,5.21,1587,130,0.979,0
2002,NL,162,92,0.567901235,713,5554,1464,155,428,940,96,643,3.69,1311,90,0.985,1
2002,NL,162,56,0.345679012,627,5415,1369,139,500,1125,94,821,4.73,1468,103,0.983,0
2002,AL,161,94,0.583850932,768,5582,1518,167,472,1089,79,712,4.12,1454,74,0.987,1
2002,NL,162,83,0.512345679,735,5479,1432,162,575,1104,118,718,3.97,1475,139,0.978,1
2002,AL,161,103,0.639751553,897,5601,1540,223,640,1171,100,697,3.87,1441,127,0.979,1
2002,NL,161,75,0.465838509,690,5496,1409,160,486,1044,87,703,3.89,1408,144,0.976,0
2002,AL,162,103,0.635802469,800,5558,1450,205,609,1008,46,654,3.68,1391,102,0.984,1
2002,NL,161,80,0.49689441,710,5523,1428,165,640,1095,104,724,4.17,1381,88,0.986,0
2002,NL,161,72,0.447204969,641,5330,1300,142,537,1109,86,730,4.23,1447,115,0.982,0
2002,NL,162,66,0.407407407,662,5515,1393,136,547,1062,71,815,4.62,1522,128,0.979,0
2002,AL,162,93,0.574074074,814,5569,1531,152,629,1003,137,699,4.07,1422,88,0.985,1
2002,NL,162,95,0.586419753,783,5497,1465,198,616,961,74,616,3.54,1349,90,0.985,1
2002,NL,162,97,0.598765432,787,5505,1475,175,542,927,86,648,3.7,1355,103,0.983,1
2002,AL,161,55,0.341614907,673,5604,1418,133,456,1115,102,918,5.29,1567,126,0.979,0
2002,AL,162,72,0.444444444,843,5618,1510,230,554,1055,62,882,5.15,1528,99,0.984,0
2002,AL,162,78,0.481481481,813,5581,1457,187,522,1142,71,828,4.8,1504,107,0.982,0
2003,AL,162,77,0.475308642,736,5487,1473,150,476,838,129,743,4.28,1444,105,0.982,0
2003,NL,162,84,0.518518519,717,5570,1467,152,531,1006,76,685,3.84,1379,107,0.983,1
2003,NL,162,101,0.62345679,907,5670,1608,235,545,933,68,740,4.1,1425,121,0.981,1
2003,AL,163,71,0.435582822,743,5665,1516,152,431,902,89,820,4.76,1579,105,0.983,0
2003,AL,162,95,0.586419753,961,5769,1667,238,620,943,88,809,4.48,1503,113,0.982,1
2003,AL,162,86,0.530864198,791,5487,1445,220,519,916,77,715,4.17,1364,93,0.984,1
2003,NL,162,88,0.543209877,724,5519,1431,172,492,1158,73,683,3.83,1304,106,0.983,1
2003,NL,162,69,0.425925926,694,5509,1349,182,524,1326,80,886,5.09,1578,141,0.977,0
2003,AL,162,68,0.419753086,699,5572,1413,158,466,1062,86,778,4.21,1477,126,0.98,0
2003,NL,162,74,0.456790123,853,5518,1472,198,619,1134,63,892,5.2,1629,116,0.981,0
2003,AL,162,43,0.265432099,591,5466,1312,153,443,1099,98,928,5.3,1616,138,0.978,0
2003,NL,162,91,0.561728395,751,5490,1459,157,515,978,150,692,4.04,1415,78,0.987,1
2003,NL,162,87,0.537037037,805,5583,1466,191,557,1021,66,677,3.86,1350,95,0.985,1
2003,AL,162,83,0.512345679,836,5568,1526,162,476,926,120,867,5.05,1569,108,0.982,0
2003,NL,162,85,0.524691358,574,5458,1328,124,407,985,80,556,3.16,1254,119,0.981,1
2003,NL,162,68,0.419753086,714,5548,1423,196,547,1221,99,873,5.02,1590,114,0.981,0
2003,AL,162,90,0.555555556,801,5655,1567,155,512,1027,94,758,4.41,1526,87,0.985,1
2003,NL,162,83,0.512345679,711,5437,1404,144,522,990,100,716,4.01,1467,102,0.983,0
2003,AL,163,101,0.619631902,877,5605,1518,230,684,1042,98,716,4.02,1512,114,0.981,1
2003,NL,161,66,0.409937888,642,5341,1317,124,489,1035,70,754,4.48,1497,118,0.98,0
2003,AL,162,96,0.592592593,768,5497,1398,176,556,898,48,643,3.63,1336,107,0.983,1
2003,NL,162,86,0.530864198,791,5543,1448,166,651,1155,72,697,4.04,1386,97,0.984,1
2003,NL,162,75,0.462962963,753,5581,1492,163,529,1049,86,801,4.64,1527,123,0.98,0
2003,NL,162,64,0.395061728,678,5531,1442,128,565,1073,76,831,4.87,1458,102,0.983,0
2003,AL,162,93,0.574074074,795,5561,1509,139,586,989,108,637,3.76,1340,65,0.989,1
2003,NL,161,100,0.621118012,755,5456,1440,180,593,980,53,638,3.73,1349,80,0.987,1
2003,NL,162,85,0.524691358,876,5672,1580,196,580,952,82,796,4.6,1544,77,0.987,1
2003,AL,162,63,0.388888889,715,5654,1501,137,420,1030,142,852,4.93,1454,103,0.983,0
2003,AL,162,71,0.438271605,826,5664,1506,239,488,1052,65,969,5.67,1625,94,0.985,0
2003,AL,162,86,0.530864198,894,5661,1580,190,546,1081,37,826,4.69,1560,117,0.981,1
2004,AL,162,92,0.567901235,836,5675,1603,162,450,942,143,734,4.28,1476,90,0.985,1
2004,NL,162,51,0.314814815,615,5544,1401,135,441,1022,53,899,4.98,1480,139,0.977,0
2004,NL,162,96,0.592592593,803,5570,1503,178,587,1158,86,668,3.74,1475,116,0.981,1
2004,AL,162,78,0.481481481,842,5736,1614,169,528,949,101,830,4.7,1488,110,0.982,1
2004,AL,162,98,0.604938272,949,5720,1613,222,659,1189,68,768,4.18,1430,118,0.981,1
2004,AL,162,83,0.512345679,865,5534,1481,242,499,1030,78,831,4.91,1505,100,0.984,1
2004,NL,162,89,0.549382716,789,5628,1508,235,489,1080,66,665,3.81,1363,86,0.986,1
2004,NL,162,76,0.469135802,750,5518,1380,194,599,1335,77,907,5.19,1595,113,0.981,0
2004,AL,162,80,0.49382716,858,5676,1565,184,606,1009,94,857,4.81,1553,106,0.983,1
2004,NL,162,68,0.419753086,833,5577,1531,202,568,1181,44,923,5.54,1634,89,0.986,0
2004,AL,162,72,0.444444444,827,5623,1531,201,518,1144,86,844,4.93,1542,144,0.977,0
2004,NL,162,83,0.512345679,718,5486,1447,148,499,968,96,700,4.1,1395,86,0.986,1
2004,NL,162,92,0.567901235,803,5468,1458,187,590,999,89,698,4.05,1416,101,0.983,1
2004,AL,162,58,0.358024691,720,5538,1432,150,461,1057,67,905,5.15,1638,131,0.978,0
2004,NL,162,93,0.574074074,761,5542,1450,203,536,1092,102,684,4.01,1386,73,0.988,1
2004,NL,161,67,0.416149068,634,5483,1358,135,540,1312,138,757,4.24,1440,117,0.981,0
2004,AL,162,92,0.567901235,780,5623,1494,191,513,982,116,715,4.03,1523,101,0.984,1
2004,NL,162,67,0.413580247,635,5474,1361,151,496,925,109,769,4.33,1477,99,0.984,0
2004,AL,162,101,0.62345679,897,5527,1483,242,670,982,84,808,4.69,1532,99,0.984,1
2004,NL,162,71,0.438271605,684,5532,1376,185,512,1159,107,731,4.09,1452,137,0.978,0
2004,AL,162,91,0.561728395,793,5728,1545,189,608,1061,47,742,4.17,1466,91,0.986,1
2004,NL,162,86,0.530864198,840,5643,1505,215,645,1133,100,781,4.45,1488,81,0.987,1
2004,NL,161,72,0.447204969,680,5483,1428,142,415,1066,63,744,4.29,1451,103,0.983,0
2004,NL,162,87,0.537037037,768,5573,1521,139,566,910,52,705,4.03,1460,108,0.982,1
2004,AL,162,63,0.388888889,698,5722,1544,136,492,1058,110,823,4.76,1498,103,0.983,0
2004,NL,162,91,0.561728395,850,5546,1500,183,705,874,43,770,4.29,1481,101,0.984,1
2004,NL,162,105,0.648148148,855,5555,1544,214,548,1085,111,659,3.75,1378,97,0.985,1
2004,AL,161,70,0.434782609,714,5483,1416,145,469,944,132,842,4.81,1459,119,0.98,0
2004,AL,162,89,0.549382716,860,5615,1492,227,500,1099,69,794,4.53,1536,117,0.981,1
2004,AL,161,67,0.416149068,719,5531,1438,145,513,1083,58,823,4.91,1505,91,0.985,0
2005,NL,162,77,0.475308642,696,5550,1419,191,606,1094,67,856,4.84,1580,94,0.985,0
2005,NL,162,90,0.555555556,769,5486,1453,184,534,1084,92,674,3.98,1487,86,0.986,1
2005,AL,162,74,0.456790123,729,5551,1492,189,447,902,83,800,4.56,1458,107,0.982,0
2005,AL,162,95,0.586419753,910,5626,1579,199,653,1044,45,805,4.74,1550,109,0.982,1
2005,AL,162,99,0.611111111,741,5529,1450,200,435,1002,137,645,3.61,1392,94,0.985,1
2005,NL,162,79,0.487654321,703,5584,1506,194,419,920,65,714,4.19,1357,101,0.983,0
2005,NL,163,73,0.447852761,820,5565,1453,222,611,1303,72,889,5.15,1657,104,0.983,0
2005,AL,162,93,0.574074074,790,5609,1522,207,503,1093,62,642,3.61,1363,106,0.983,1
2005,NL,162,67,0.413580247,740,5542,1477,150,509,1103,65,862,5.13,1600,118,0.981,0
2005,AL,162,71,0.438271605,723,5602,1521,168,384,1038,66,787,4.51,1504,110,0.982,0
2005,NL,162,83,0.512345679,717,5502,1499,128,512,918,96,732,4.16,1459,103,0.983,0
2005,NL,163,89,0.54601227,693,5462,1400,161,481,1037,115,609,3.51,1336,89,0.985,1
2005,AL,162,56,0.345679012,701,5503,1445,126,424,1008,53,935,5.49,1640,125,0.979,0
2005,AL,162,95,0.586419753,761,5624,1520,147,447,848,161,643,3.68,1419,87,0.986,1
2005,NL,162,71,0.438271605,685,5433,1374,149,541,1094,58,755,4.38,1434,106,0.983,0
2005,NL,162,81,0.5,726,5448,1413,175,531,1162,79,697,3.97,1382,119,0.98,1
2005,AL,162,83,0.512345679,688,5564,1441,134,485,978,102,662,3.71,1458,102,0.984,1
2005,AL,162,95,0.586419753,886,5624,1552,229,637,989,84,789,4.52,1495,95,0.984,1
2005,NL,162,83,0.512345679,722,5505,1421,175,486,1075,153,648,3.76,1390,106,0.983,1
2005,AL,162,88,0.543209877,772,5627,1476,155,537,819,31,658,3.69,1315,88,0.986,1
2005,NL,162,88,0.543209877,807,5542,1494,167,639,1083,116,726,4.21,1379,90,0.985,1
2005,NL,162,67,0.413580247,680,5573,1445,139,471,1092,73,769,4.42,1456,117,0.981,0
2005,NL,162,82,0.50617284,684,5502,1416,130,600,977,99,726,4.13,1452,109,0.982,0
2005,AL,162,69,0.425925926,699,5507,1408,130,466,986,102,751,4.49,1483,86,0.986,0
2005,NL,162,75,0.462962963,649,5462,1427,128,431,901,71,745,4.33,1456,90,0.985,0
2005,NL,162,100,0.617283951,805,5538,1494,170,534,947,83,634,3.49,1399,100,0.984,1
2005,AL,162,67,0.413580247,750,5552,1519,157,412,990,151,936,5.39,1570,124,0.979,0
2005,AL,162,79,0.487654321,865,5716,1528,260,495,1112,67,858,4.96,1589,108,0.982,1
2005,AL,162,80,0.49382716,775,5581,1480,136,486,955,72,705,4.06,1475,95,0.985,1
2005,NL,162,81,0.5,639,5426,1367,117,491,1090,45,673,3.87,1456,92,0.985,0
2006,NL,162,76,0.469135802,773,5645,1506,160,504,965,76,788,4.48,1503,104,0.983,0
2006,NL,162,79,0.487654321,849,5583,1510,222,526,1169,52,805,4.6,1529,99,0.984,1
2006,AL,162,70,0.432098765,768,5610,1556,164,474,878,121,899,5.35,1579,102,0.983,0
2006,AL,162,86,0.530864198,820,5619,1510,192,672,1056,51,825,4.83,1570,66,0.989,0
2006,AL,162,90,0.555555556,868,5657,1586,236,502,1056,93,794,4.61,1534,90,0.985,1
2006,NL,162,66,0.407407407,716,5587,1496,166,395,928,121,834,4.74,1396,106,0.982,0
2006,NL,162,80,0.49382716,749,5515,1419,217,614,1192,124,801,4.51,1576,128,0.979,0
2006,AL,162,78,0.481481481,870,5619,1576,196,556,1204,55,782,4.41,1583,118,0.981,1
2006,NL,162,76,0.469135802,813,5562,1504,157,561,1108,85,812,4.66,1549,91,0.985,1
2006,AL,162,95,0.586419753,822,5642,1548,203,430,1133,60,675,3.84,1420,106,0.983,1
2006,NL,162,78,0.481481481,758,5502,1454,182,497,1249,110,772,4.37,1465,126,0.979,0
2006,NL,162,82,0.50617284,735,5521,1407,174,585,1076,79,719,4.08,1425,80,0.987,1
2006,AL,162,62,0.382716049,757,5589,1515,124,474,1040,65,971,5.65,1648,98,0.984,0
2006,AL,162,89,0.549382716,766,5609,1539,159,486,914,148,732,4.04,1410,124,0.979,1
2006,NL,162,88,0.543209877,820,5628,1552,153,601,959,128,751,4.23,1524,115,0.982,1
2006,NL,162,75,0.462962963,730,5433,1400,180,502,1233,71,833,4.82,1454,117,0.98,0
2006,AL,162,96,0.592592593,801,5602,1608,143,490,872,101,683,3.95,1490,84,0.986,1
2006,AL,162,97,0.598765432,930,5651,1608,210,649,1053,139,767,4.41,1463,104,0.983,1
2006,NL,162,97,0.598765432,834,5558,1469,200,547,1071,146,731,4.14,1402,104,0.983,1
2006,AL,162,93,0.574074074,771,5500,1429,175,650,976,61,727,4.21,1525,84,0.986,1
2006,NL,162,85,0.524691358,865,5687,1518,216,626,1203,92,812,4.6,1561,104,0.983,1
2006,NL,162,67,0.413580247,691,5558,1462,141,459,1200,68,797,4.52,1545,104,0.983,0
2006,NL,162,88,0.543209877,731,5576,1465,161,564,1104,123,679,3.87,1385,92,0.985,1
2006,AL,162,78,0.481481481,756,5670,1540,172,404,974,106,792,4.6,1500,88,0.985,0
2006,NL,161,76,0.472049689,746,5472,1418,163,494,891,58,790,4.63,1422,91,0.985,0
2006,NL,161,83,0.51552795,781,5522,1484,184,531,922,59,762,4.54,1475,98,0.984,1
2006,AL,162,61,0.37654321,689,5474,1395,190,441,1106,134,856,4.96,1600,116,0.981,0
2006,AL,162,80,0.49382716,835,5659,1571,183,505,1061,53,784,4.6,1558,98,0.984,1
2006,AL,162,87,0.537037037,809,5596,1591,199,514,906,65,754,4.37,1447,99,0.984,1
2006,NL,162,71,0.438271605,746,5495,1437,164,594,1156,123,872,5.03,1535,131,0.978,0
2007,NL,162,90,0.555555556,712,5398,1350,171,532,1111,109,732,4.13,1446,106,0.983,0
2007,NL,162,84,0.518518519,810,5689,1562,176,534,1149,64,733,4.11,1442,107,0.983,1
2007,AL,162,69,0.425925926,756,5631,1529,142,500,939,144,868,5.17,1491,79,0.987,0
2007,AL,162,96,0.592592593,867,5589,1561,166,689,1042,96,657,3.87,1350,81,0.986,1
2007,AL,162,72,0.444444444,693,5441,1341,190,532,1149,78,839,4.77,1556,108,0.982,0
2007,NL,162,85,0.524691358,752,5643,1530,151,500,1054,86,690,4.04,1340,94,0.984,1
2007,NL,162,72,0.444444444,783,5607,1496,204,536,1113,97,853,4.94,1605,95,0.984,0
2007,AL,162,96,0.592592593,811,5604,1504,178,590,1202,72,704,4.05,1519,92,0.985,1
2007,NL,163,90,0.552147239,860,5691,1591,171,622,1152,100,758,4.32,1497,68,0.989,1
2007,AL,162,88,0.543209877,887,5757,1652,177,474,1054,103,797,4.57,1498,99,0.984,1
2007,NL,162,71,0.438271605,790,5627,1504,201,521,1332,105,891,4.94,1617,137,0.977,0
2007,NL,162,73,0.450617284,723,5605,1457,167,547,1043,65,813,4.68,1566,103,0.983,0
2007,AL,162,69,0.425925926,706,5534,1447,102,428,1069,78,778,4.48,1547,106,0.982,0
2007,AL,162,94,0.580246914,822,5554,1578,123,507,883,139,731,4.23,1480,101,0.983,1
2007,NL,162,82,0.50617284,735,5614,1544,129,511,864,137,727,4.2,1443,114,0.981,1
2007,NL,162,83,0.512345679,801,5554,1455,231,501,1137,96,776,4.41,1513,109,0.982,1
2007,AL,162,79,0.487654321,718,5522,1460,118,512,839,112,725,4.15,1505,95,0.984,0
2007,AL,162,94,0.580246914,968,5717,1656,201,637,991,123,777,4.49,1498,88,0.985,1
2007,NL,162,88,0.543209877,804,5605,1543,177,549,981,200,750,4.26,1415,101,0.983,1
2007,AL,162,76,0.469135802,741,5577,1430,171,664,1119,52,758,4.28,1468,90,0.985,0
2007,NL,162,89,0.549382716,892,5688,1558,213,641,1205,138,821,4.73,1555,89,0.986,1
2007,NL,162,68,0.419753086,724,5569,1463,148,463,1135,68,846,4.93,1627,83,0.986,0
2007,NL,163,89,0.54601227,741,5612,1408,171,557,1229,55,666,3.7,1406,92,0.985,1
2007,AL,162,88,0.543209877,794,5684,1629,153,389,861,81,813,4.73,1578,90,0.985,0
2007,NL,162,71,0.438271605,683,5538,1407,131,532,907,119,720,4.19,1442,88,0.986,0
2007,NL,162,78,0.481481481,725,5529,1513,141,506,909,56,829,4.65,1514,121,0.98,0
2007,AL,162,66,0.407407407,782,5593,1500,187,545,1324,131,944,5.53,1649,117,0.98,0
2007,AL,162,75,0.462962963,816,5555,1460,179,503,1224,88,844,4.75,1525,124,0.98,0
2007,AL,162,83,0.512345679,753,5536,1434,165,533,1044,57,699,4,1383,102,0.984,1
2007,NL,162,73,0.450617284,673,5520,1415,123,524,1128,69,783,4.58,1502,109,0.982,0
2008,NL,162,82,0.50617284,720,5409,1355,159,587,1287,58,706,3.98,1403,113,0.981,1
2008,NL,162,72,0.444444444,753,5604,1514,130,618,1023,58,778,4.46,1439,107,0.983,0
2008,AL,161,68,0.422360248,782,5559,1486,172,533,990,81,869,5.13,1538,100,0.983,0
2008,AL,162,95,0.586419753,845,5596,1565,173,646,1068,120,694,4.01,1369,85,0.986,1
2008,AL,163,89,0.54601227,811,5553,1458,235,540,1016,67,729,4.06,1471,108,0.983,1
2008,NL,161,97,0.602484472,855,5588,1552,184,636,1186,87,671,3.87,1329,99,0.983,1
2008,NL,162,74,0.456790123,704,5465,1351,187,560,1125,85,800,4.55,1542,114,0.981,0
2008,AL,162,81,0.5,805,5543,1455,171,560,1213,77,761,4.45,1530,94,0.985,1
2008,NL,162,74,0.456790123,747,5557,1462,160,570,1209,141,822,4.77,1547,96,0.985,0
2008,AL,162,74,0.456790123,821,5641,1529,200,572,1076,63,857,4.9,1541,113,0.981,0
2008,NL,161,84,0.52173913,770,5499,1397,208,543,1371,76,767,4.43,1421,117,0.98,1
2008,NL,161,86,0.534161491,712,5451,1432,167,449,1051,114,743,4.36,1453,67,0.989,0
2008,AL,162,75,0.462962963,691,5608,1507,120,392,1005,79,781,4.48,1473,96,0.984,0
2008,AL,162,100,0.617283951,765,5540,1486,159,481,987,129,697,3.99,1455,91,0.985,1
2008,NL,162,84,0.518518519,700,5506,1455,137,543,1032,126,648,3.68,1381,101,0.984,1
2008,NL,162,90,0.555555556,750,5535,1398,198,550,1203,108,689,3.85,1415,101,0.984,1
2008,AL,163,88,0.539877301,829,5641,1572,111,529,979,102,745,4.16,1568,108,0.982,1
2008,AL,162,89,0.549382716,789,5572,1512,180,535,1015,118,727,4.28,1478,83,0.986,1
2008,NL,162,89,0.549382716,799,5606,1491,172,619,1024,138,715,4.07,1415,83,0.986,1
2008,AL,161,75,0.465838509,646,5451,1318,125,574,1226,88,690,4.01,1364,98,0.984,0
2008,NL,162,92,0.567901235,799,5509,1407,214,586,1117,136,680,3.88,1444,90,0.985,1
2008,NL,162,67,0.413580247,735,5628,1454,153,474,1039,57,884,5.08,1631,107,0.983,0
2008,NL,162,63,0.388888889,637,5568,1390,154,518,1259,36,764,4.41,1466,85,0.986,0
2008,AL,162,61,0.37654321,671,5643,1498,124,417,890,90,811,4.73,1544,99,0.984,0
2008,NL,162,72,0.444444444,640,5543,1452,94,452,1044,108,759,4.38,1416,96,0.983,0
2008,NL,162,86,0.530864198,779,5636,1585,174,577,985,73,725,4.19,1517,85,0.986,1
2008,AL,162,97,0.598765432,774,5541,1443,180,626,1224,142,671,3.82,1349,90,0.985,1
2008,AL,162,79,0.487654321,901,5728,1619,194,595,1207,81,967,5.37,1647,132,0.978,0
2008,AL,162,86,0.530864198,714,5503,1453,126,521,938,80,610,3.49,1330,84,0.986,1
2008,NL,161,59,0.366459627,641,5491,1376,117,534,1095,81,825,4.66,1496,123,0.98,0
2009,NL,162,70,0.432098765,720,5565,1408,173,571,1298,102,782,4.42,1470,124,0.98,0
2009,NL,162,86,0.530864198,735,5539,1459,149,602,1064,58,641,3.57,1399,96,0.985,1
2009,AL,162,64,0.395061728,741,5618,1508,160,517,1013,76,876,5.15,1633,90,0.985,0
2009,AL,162,95,0.586419753,872,5543,1495,212,659,1120,126,736,4.35,1494,82,0.986,1
2009,AL,162,79,0.487654321,724,5463,1410,184,534,1022,113,732,4.14,1438,113,0.981,0
2009,NL,161,83,0.51552795,707,5486,1398,161,592,1185,56,672,3.84,1329,105,0.983,1
2009,NL,162,78,0.481481481,673,5462,1349,158,531,1129,96,723,4.18,1420,89,0.985,0
2009,AL,162,65,0.401234568,773,5568,1468,161,582,1211,84,865,5.06,1570,97,0.984,0
2009,NL,162,92,0.567901235,804,5398,1408,190,660,1277,106,715,4.22,1427,87,0.986,1
2009,AL,163,86,0.527607362,743,5540,1443,183,540,1114,72,745,4.29,1449,88,0.985,0
2009,NL,162,87,0.537037037,772,5572,1493,159,568,1226,75,766,4.29,1425,106,0.982,1
2009,NL,162,74,0.456790123,643,5436,1415,142,448,990,113,770,4.54,1521,78,0.987,0
2009,AL,162,65,0.401234568,686,5532,1432,144,457,1091,88,842,4.83,1486,117,0.98,0
2009,AL,162,97,0.598765432,883,5622,1604,173,547,1054,148,761,4.45,1513,85,0.986,1
2009,NL,162,95,0.586419753,780,5592,1511,145,607,1068,116,611,3.41,1265,83,0.986,1
2009,NL,162,80,0.49382716,785,5510,1447,182,610,1231,68,818,4.83,1498,98,0.984,0
2009,AL,163,87,0.533742331,817,5608,1539,172,585,1021,85,765,4.5,1542,76,0.987,1
2009,AL,162,103,0.635802469,915,5660,1604,244,663,1014,111,753,4.26,1386,86,0.985,1
2009,NL,162,70,0.432098765,671,5453,1472,95,526,928,122,757,4.45,1452,97,0.984,0
2009,AL,162,75,0.462962963,759,5584,1464,135,527,1046,133,761,4.26,1486,105,0.983,0
2009,NL,162,93,0.574074074,820,5578,1439,224,589,1155,119,709,4.16,1479,76,0.987,1
2009,NL,161,62,0.385093168,636,5417,1364,125,499,1142,90,768,4.59,1491,73,0.988,0
2009,NL,162,75,0.462962963,638,5425,1315,141,586,1182,82,769,4.37,1422,94,0.984,0
2009,AL,162,85,0.524691358,640,5543,1430,160,421,1093,89,692,3.87,1359,105,0.982,0
2009,NL,162,88,0.543209877,657,5493,1411,122,392,1158,78,611,3.55,1268,88,0.985,1
2009,NL,162,91,0.561728395,730,5465,1436,160,528,1041,75,640,3.66,1407,96,0.985,1
2009,AL,162,84,0.518518519,803,5462,1434,199,642,1229,194,754,4.33,1421,98,0.983,1
2009,AL,162,87,0.537037037,784,5526,1436,224,472,1253,149,740,4.38,1432,106,0.982,1
2009,AL,162,75,0.462962963,798,5696,1516,209,548,1028,73,771,4.47,1509,76,0.988,1
2009,NL,162,59,0.364197531,710,5493,1416,156,617,1208,73,874,5,1533,143,0.977,0
2010,NL,162,65,0.401234568,713,5473,1366,180,589,1529,86,836,4.81,1503,102,0.983,0
2010,NL,162,91,0.561728395,738,5463,1411,139,634,1140,63,629,3.56,1326,126,0.98,1
2010,AL,162,66,0.407407407,613,5554,1440,133,424,1056,76,785,4.59,1508,105,0.982,0
2010,AL,162,89,0.549382716,818,5646,1511,211,587,1140,68,744,4.2,1402,111,0.982,1
2010,AL,162,88,0.543209877,752,5484,1467,177,467,922,160,704,4.09,1471,103,0.983,1
2010,NL,162,75,0.462962963,685,5512,1414,149,479,1236,55,767,4.18,1409,126,0.979,0
2010,NL,162,91,0.561728395,790,5579,1515,188,522,1218,93,685,4.01,1404,72,0.988,1
2010,AL,162,69,0.425925926,646,5487,1362,128,545,1184,91,752,4.3,1477,110,0.982,0
2010,NL,162,83,0.512345679,770,5530,1452,173,585,1274,99,717,4.14,1405,101,0.984,1
2010,AL,162,81,0.5,751,5643,1515,152,546,1147,69,743,4.3,1445,109,0.982,1
2010,NL,162,80,0.49382716,719,5531,1403,152,514,1375,92,717,4.08,1433,123,0.979,1
2010,NL,162,76,0.469135802,611,5452,1348,108,415,1025,100,729,4.09,1446,103,0.983,0
2010,AL,162,67,0.413580247,676,5604,1534,121,471,905,115,845,4.97,1553,121,0.98,0
2010,AL,162,80,0.49382716,681,5488,1363,155,466,1070,104,702,4.04,1422,113,0.981,0
2010,NL,162,80,0.49382716,667,5426,1368,120,533,1184,92,692,4.01,1323,98,0.984,0
2010,NL,162,77,0.475308642,750,5606,1471,182,546,1216,81,804,4.58,1487,101,0.983,0
2010,AL,162,94,0.580246914,781,5568,1521,142,559,967,68,671,3.95,1493,78,0.987,1
2010,AL,162,95,0.586419753,859,5567,1485,201,662,1136,103,693,4.06,1349,69,0.988,1
2010,NL,162,79,0.487654321,656,5465,1361,128,502,1095,130,652,3.7,1438,87,0.986,1
2010,AL,162,81,0.5,663,5448,1396,109,527,1061,156,626,3.56,1315,99,0.984,1
2010,NL,162,97,0.598765432,772,5581,1451,166,560,1064,108,640,3.67,1402,83,0.986,1
2010,NL,162,57,0.351851852,587,5386,1303,126,463,1207,87,866,5,1567,127,0.979,0
2010,NL,162,90,0.555555556,665,5434,1338,132,538,1183,124,581,3.39,1305,72,0.988,1
2010,AL,162,61,0.37654321,513,5409,1274,101,459,1184,142,698,3.93,1402,110,0.982,0
2010,NL,162,92,0.567901235,697,5488,1411,162,487,1099,55,583,3.36,1279,73,0.988,1
2010,NL,162,86,0.530864198,736,5542,1456,150,541,1027,79,641,3.57,1412,99,0.984,1
2010,AL,162,96,0.592592593,802,5439,1343,160,672,1292,172,649,3.78,1347,85,0.986,1
2010,AL,162,90,0.555555556,787,5635,1556,162,511,986,123,687,3.93,1355,105,0.982,1
2010,AL,162,85,0.524691358,755,5495,1364,257,471,1164,58,728,4.22,1407,92,0.985,1
2010,NL,162,69,0.425925926,655,5418,1355,149,503,1220,110,742,4.13,1469,127,0.979,0
2011,NL,162,94,0.580246914,731,5421,1357,172,531,1249,133,662,3.8,1414,90,0.985,1
2011,NL,162,89,0.549382716,641,5528,1345,173,504,1260,77,605,3.48,1332,83,0.987,1
2011,AL,162,69,0.425925926,708,5585,1434,191,452,1120,81,860,4.89,1568,110,0.982,0
2011,AL,162,90,0.555555556,875,5710,1600,203,578,1108,102,737,4.2,1366,92,0.985,1
2011,AL,162,79,0.487654321,654,5502,1387,154,475,989,81,706,4.1,1463,79,0.987,0
2011,NL,162,71,0.438271605,654,5549,1423,148,425,1202,69,756,4.33,1439,134,0.978,0
2011,NL,162,79,0.487654321,735,5612,1438,183,535,1250,97,720,4.16,1414,91,0.985,1
2011,AL,162,80,0.49382716,704,5509,1380,154,494,1269,89,760,4.23,1482,110,0.982,0
2011,NL,162,73,0.450617284,735,5544,1429,163,555,1201,118,774,4.43,1471,98,0.984,0
2011,AL,162,95,0.586419753,787,5563,1540,169,521,1143,49,711,4.04,1406,103,0.983,1
2011,NL,162,72,0.444444444,625,5508,1358,149,542,1244,95,702,3.95,1403,93,0.985,0
2011,NL,162,56,0.345679012,615,5598,1442,95,401,1164,118,796,4.51,1477,116,0.981,0
2011,AL,162,71,0.438271605,730,5672,1560,129,442,1006,153,762,4.44,1487,95,0.985,0
2011,AL,162,86,0.530864198,667,5513,1394,155,442,1086,135,633,3.57,1388,93,0.985,1
2011,NL,161,82,0.50931677,644,5436,1395,117,498,1087,126,612,3.54,1287,85,0.986,1
2011,NL,162,96,0.592592593,721,5447,1422,185,481,1083,94,638,3.63,1348,111,0.982,1
2011,AL,162,63,0.388888889,619,5487,1357,103,440,1048,92,804,4.58,1564,119,0.98,0
2011,AL,162,97,0.598765432,867,5518,1452,222,627,1138,147,657,3.73,1423,102,0.983,1
2011,NL,162,77,0.475308642,718,5600,1477,108,571,1085,130,742,4.19,1482,116,0.981,0
2011,AL,162,74,0.456790123,645,5452,1330,114,509,1094,117,679,3.71,1380,124,0.979,0
2011,NL,162,102,0.62962963,713,5579,1409,153,539,1024,96,529,3.02,1320,74,0.988,1
2011,NL,162,72,0.444444444,610,5421,1325,107,489,1308,108,712,4.04,1513,112,0.982,0
2011,NL,162,71,0.438271605,593,5417,1284,91,501,1320,170,611,3.42,1324,94,0.985,0
2011,AL,162,67,0.413580247,556,5421,1263,109,435,1280,125,675,3.9,1369,108,0.982,0
2011,NL,162,86,0.530864198,570,5486,1327,121,448,1122,85,578,3.2,1260,104,0.983,0
2011,NL,162,90,0.555555556,762,5532,1513,162,542,978,57,692,3.74,1461,116,0.982,1
2011,AL,162,91,0.561728395,707,5436,1324,172,571,1193,155,614,3.58,1263,73,0.988,1
2011,AL,162,96,0.592592593,855,5659,1599,210,475,930,143,677,3.79,1327,114,0.981,1
2011,AL,162,81,0.5,743,5559,1384,186,525,1184,131,761,4.32,1433,110,0.982,0
2011,NL,161,80,0.49689441,624,5441,1319,154,470,1323,106,643,3.58,1403,104,0.983,0
2012,NL,162,81,0.5,734,5462,1416,165,539,1266,93,688,3.93,1432,90,0.985,1
2012,NL,162,94,0.580246914,700,5425,1341,149,567,1289,101,600,3.42,1310,86,0.986,1
2012,AL,162,93,0.574074074,712,5560,1375,214,480,1315,58,705,3.9,1433,106,0.983,1
2012,AL,162,69,0.425925926,734,5604,1459,165,428,1197,97,806,4.7,1449,101,0.983,0
2012,AL,162,85,0.524691358,748,5518,1409,211,461,1203,109,676,4.02,1365,70,0.988,1
2012,NL,162,61,0.37654321,613,5411,1297,137,447,1235,94,759,4.51,1399,105,0.982,0
2012,NL,162,97,0.598765432,669,5477,1377,172,481,1266,87,588,3.34,1356,89,0.985,1
2012,AL,162,68,0.419753086,667,5525,1385,136,555,1087,110,845,4.78,1503,96,0.984,0
2012,NL,162,64,0.395061728,758,5577,1526,166,450,1213,100,890,5.22,1637,122,0.98,0
2012,AL,162,88,0.543209877,726,5476,1467,163,511,1103,59,670,3.75,1409,99,0.983,1
2012,NL,162,55,0.339506173,583,5407,1276,146,463,1365,105,794,4.56,1493,118,0.981,0
2012,AL,162,72,0.444444444,676,5636,1492,131,404,1032,132,746,4.3,1504,113,0.981,0
2012,AL,162,89,0.549382716,767,5536,1518,187,449,1113,134,699,4.02,1339,98,0.984,1
2012,NL,162,86,0.530864198,637,5438,1369,116,481,1156,104,597,3.34,1277,98,0.984,1
2012,NL,162,69,0.425925926,609,5437,1327,137,484,1228,149,724,4.09,1448,103,0.983,0
2012,NL,162,83,0.512345679,776,5557,1442,202,466,1240,158,733,4.22,1458,99,0.983,1
2012,AL,162,66,0.407407407,701,5562,1448,131,505,1069,135,832,4.77,1536,107,0.983,0
2012,AL,162,95,0.586419753,804,5524,1462,245,565,1176,93,668,3.84,1401,75,0.987,1
2012,NL,162,74,0.456790123,650,5450,1357,139,503,1250,79,709,4.09,1368,101,0.983,0
2012,AL,162,94,0.580246914,713,5527,1315,195,550,1387,122,614,3.48,1360,111,0.982,1
2012,NL,162,81,0.5,684,5544,1414,158,454,1094,116,680,3.83,1387,101,0.983,1
2012,NL,162,79,0.487654321,651,5412,1313,170,444,1354,73,674,3.86,1357,112,0.982,0
2012,NL,162,76,0.469135802,651,5422,1339,121,539,1238,155,710,4.01,1356,121,0.98,0
2012,AL,162,75,0.462962963,619,5494,1285,149,466,1259,104,651,3.76,1359,72,0.988,0
2012,NL,162,94,0.580246914,718,5558,1495,103,483,1097,118,649,3.68,1361,115,0.981,1
2012,NL,162,88,0.543209877,765,5622,1526,159,533,1192,91,648,3.71,1420,107,0.983,1
2012,AL,162,90,0.555555556,697,5398,1293,175,571,1323,134,577,3.19,1233,114,0.981,1
2012,AL,162,93,0.574074074,808,5590,1526,200,478,1103,91,707,3.99,1378,85,0.986,1
2012,AL,162,73,0.450617284,716,5487,1346,198,473,1251,123,784,4.64,1439,101,0.984,0
2012,NL,162,98,0.604938272,731,5615,1468,194,479,1325,105,594,3.33,1296,94,0.985,1
2013,NL,162,81,0.5,685,5676,1468,130,519,1142,62,695,3.92,1460,75,0.988,0
2013,NL,162,96,0.592592593,688,5441,1354,181,542,1384,64,548,3.18,1326,85,0.986,1
2013,AL,162,85,0.524691358,745,5620,1460,212,416,1125,79,709,4.2,1438,54,0.991,1
2013,AL,162,97,0.598765432,853,5651,1566,178,581,1308,123,656,3.79,1366,80,0.987,1
2013,AL,162,63,0.388888889,598,5563,1385,148,411,1207,105,723,3.98,1424,121,0.98,0
2013,NL,162,66,0.407407407,602,5498,1307,172,439,1230,63,689,4,1332,100,0.983,0
2013,NL,162,90,0.555555556,698,5499,1370,155,585,1245,67,589,3.38,1294,76,0.988,1
2013,AL,162,92,0.567901235,745,5465,1391,171,562,1283,117,662,3.82,1359,98,0.983,1
2013,NL,162,74,0.456790123,706,5599,1511,159,427,1204,112,760,4.44,1545,90,0.986,0
2013,AL,162,93,0.574074074,796,5735,1625,176,531,1073,35,624,3.61,1369,76,0.987,1
2013,AL,162,51,0.314814815,610,5457,1307,148,426,1535,110,848,4.79,1530,125,0.979,0
2013,AL,162,86,0.530864198,648,5549,1443,112,422,1048,153,601,3.45,1366,85,0.986,1
2013,AL,162,78,0.481481481,733,5588,1476,164,523,1221,82,737,4.23,1475,112,0.981,0
2013,NL,162,92,0.567901235,649,5491,1447,138,476,1146,78,582,3.25,1321,109,0.982,1
2013,NL,162,62,0.382716049,513,5449,1257,95,432,1232,78,646,3.71,1376,88,0.986,0
2013,NL,162,74,0.456790123,640,5474,1381,157,407,1183,142,687,3.84,1401,114,0.981,0
2013,AL,162,66,0.407407407,614,5564,1346,151,533,1430,52,788,4.55,1591,81,0.987,0
2013,AL,162,85,0.524691358,650,5449,1321,144,466,1214,115,671,3.94,1452,69,0.988,0
2013,NL,162,74,0.456790123,619,5559,1318,130,512,1384,114,684,3.77,1442,93,0.985,0
2013,AL,162,96,0.592592593,767,5521,1403,186,573,1178,74,625,3.56,1339,97,0.983,1
2013,NL,162,73,0.450617284,610,5456,1355,140,417,1205,73,749,4.32,1465,97,0.984,0
2013,NL,162,94,0.580246914,634,5486,1346,161,469,1330,94,577,3.26,1299,106,0.984,1
2013,NL,162,76,0.469135802,618,5517,1349,146,467,1309,118,700,3.98,1407,83,0.986,0
2013,AL,162,71,0.438271605,624,5558,1318,188,529,1353,49,754,4.31,1467,88,0.986,0
2013,NL,162,76,0.469135802,629,5552,1446,107,469,1078,67,691,4,1380,107,0.982,0
2013,NL,162,97,0.598765432,783,5557,1494,125,481,1110,45,596,3.42,1366,75,0.988,1
2013,AL,163,92,0.564417178,700,5538,1421,165,589,1171,73,646,3.74,1315,59,0.99,1
2013,AL,163,91,0.558282209,730,5585,1465,176,462,1067,149,636,3.62,1370,86,0.986,1
2013,AL,162,74,0.456790123,712,5537,1398,185,510,1123,112,756,4.25,1451,111,0.982,0
2013,NL,162,86,0.530864198,656,5436,1365,161,464,1192,88,626,3.59,1367,107,0.982,1
2014,NL,162,64,0.395061728,615,5552,1379,118,398,1165,86,742,4.26,1467,101,0.983,0
2014,NL,162,79,0.487654321,573,5468,1316,123,472,1369,95,597,3.38,1369,85,0.986,0
2014,AL,162,96,0.592592593,705,5596,1434,211,401,1285,44,593,3.43,1342,87,0.986,1
2014,AL,162,71,0.438271605,634,5551,1355,123,535,1337,63,715,4.01,1458,92,0.985,0
2014,AL,162,73,0.450617284,660,5543,1400,155,417,1362,85,758,4.29,1468,107,0.982,0
2014,NL,162,73,0.450617284,614,5508,1315,157,442,1477,65,707,3.91,1398,103,0.983,0
2014,NL,162,76,0.469135802,595,5395,1282,131,415,1252,122,612,3.59,1282,72,0.988,0
2014,AL,162,85,0.524691358,669,5575,1411,142,504,1189,104,653,3.56,1398,116,0.981,1
2014,NL,162,66,0.407407407,755,5612,1551,186,397,1281,85,818,4.84,1528,106,0.983,0
2014,AL,162,90,0.555555556,757,5630,1557,155,443,1144,106,705,4.01,1475,101,0.983,1
2014,AL,162,70,0.432098765,629,5447,1317,163,495,1442,122,723,4.11,1437,106,0.983,0
2014,AL,162,89,0.549382716,651,5545,1456,95,380,985,153,624,3.51,1386,104,0.983,1
2014,AL,162,98,0.604938272,773,5652,1464,155,492,1266,81,630,3.58,1307,83,0.986,1
2014,NL,162,94,0.580246914,718,5560,1476,134,519,1246,138,617,3.4,1338,107,0.983,1
2014,NL,162,77,0.475308642,645,5538,1399,122,501,1419,58,674,3.78,1481,97,0.984,0
2014,NL,162,82,0.50617284,650,5462,1366,150,423,1197,102,657,3.67,1386,99,0.984,0
2014,AL,162,70,0.432098765,715,5567,1412,128,544,1329,99,777,4.57,1588,97,0.984,0
2014,AL,162,84,0.518518519,633,5497,1349,147,452,1133,112,664,3.75,1392,92,0.984,0
2014,NL,162,79,0.487654321,629,5472,1306,125,516,1264,101,618,3.49,1370,104,0.983,1
2014,AL,162,88,0.543209877,729,5545,1354,146,586,1104,83,572,3.22,1269,111,0.982,1
2014,NL,162,73,0.450617284,619,5603,1356,125,443,1306,109,687,3.79,1396,83,0.987,0
2014,NL,162,88,0.543209877,682,5536,1436,156,520,1244,104,631,3.47,1341,109,0.983,1
2014,NL,162,77,0.475308642,535,5294,1199,109,468,1294,91,577,3.27,1300,101,0.983,0
2014,AL,162,87,0.537037037,634,5450,1328,136,396,1232,96,554,3.17,1240,82,0.986,1
2014,NL,162,88,0.543209877,665,5523,1407,132,427,1245,56,614,3.5,1305,100,0.984,1
2014,NL,162,90,0.555555556,619,5426,1371,105,471,1133,57,603,3.5,1321,88,0.985,1
2014,AL,162,77,0.475308642,612,5516,1361,117,527,1124,63,625,3.56,1292,88,0.985,0
2014,AL,162,67,0.413580247,637,5460,1400,111,417,1162,105,773,4.49,1510,106,0.982,0
2014,AL,162,83,0.512345679,723,5549,1435,177,502,1151,78,686,4,1400,87,0.985,1
2014,NL,162,96,0.592592593,686,5542,1403,152,517,1304,101,555,3.03,1351,100,0.984,1
2015,AL,162,95,0.586419753,724,5575,1497,139,383,973,104,641,3.73,1372,88,0.985,1
2015,AL,162,83,0.512345679,696,5467,1349,156,439,1264,70,700,4.07,1506,86,0.986,0
2015,AL,161,81,0.50310559,669,5439,1395,141,533,1157,86,640,3.67,1274,79,0.987,1
2015,AL,162,76,0.469135802,622,5533,1381,136,404,1231,68,701,3.98,1443,101,0.983,0
2015,AL,161,74,0.459627329,689,5605,1515,151,455,1259,83,803,4.64,1491,86,0.986,0
2015,AL,162,93,0.574074074,891,5509,1480,232,570,1151,88,670,3.8,1353,88,0.985,1
2015,AL,162,87,0.537037037,764,5567,1397,212,554,1227,63,698,4.03,1416,93,0.985,1
2015,AL,162,81,0.5,713,5485,1370,217,418,1331,44,693,4.05,1406,77,0.987,1
2015,AL,162,80,0.49382716,644,5485,1383,167,436,1310,87,642,3.74,1314,95,0.984,1
2015,AL,162,78,0.481481481,748,5640,1495,161,478,1148,71,753,4.31,1486,97,0.984,0
2015,AL,162,88,0.543209877,751,5511,1419,172,503,1233,101,733,4.24,1459,119,0.981,1
2015,AL,162,86,0.530864198,729,5459,1363,230,486,1392,121,618,3.57,1308,85,0.986,1
2015,AL,162,85,0.524691358,661,5417,1331,176,435,1150,52,675,3.94,1355,93,0.984,0
2015,AL,162,76,0.469135802,656,5544,1379,198,478,1336,69,726,4.16,1430,94,0.985,0
2015,AL,162,68,0.419753086,694,5600,1405,146,475,1119,78,729,4.14,1402,126,0.979,0
2015,NL,162,100,0.617283951,647,5484,1386,137,506,1267,69,525,2.94,1359,96,0.984,1
2015,NL,162,98,0.604938272,697,5631,1462,140,461,1322,98,596,3.21,1392,122,0.981,1
2015,NL,162,97,0.598765432,689,5491,1341,171,567,1518,95,608,3.36,1276,111,0.982,1
2015,NL,162,68,0.419753086,655,5480,1378,145,412,1299,84,737,4.28,1432,116,0.981,0
2015,NL,162,64,0.395061728,640,5571,1382,167,496,1255,134,754,4.33,1436,90,0.985,0
2015,NL,162,90,0.555555556,683,5527,1351,177,488,1290,51,613,3.43,1341,88,0.986,1
2015,NL,162,83,0.512345679,703,5428,1363,177,539,1344,57,635,3.62,1366,90,0.985,1
2015,NL,162,71,0.438271605,613,5463,1420,120,375,1150,112,678,4.02,1374,77,0.987,0
2015,NL,162,67,0.413580247,573,5420,1361,100,471,1107,69,760,4.41,1462,90,0.985,0
2015,NL,162,63,0.388888889,626,5529,1374,130,387,1274,88,809,4.69,1592,117,0.981,0
2015,NL,162,92,0.567901235,667,5385,1346,187,563,1258,59,595,3.44,1317,75,0.988,1
2015,NL,162,84,0.518518519,696,5565,1486,136,457,1159,93,627,3.72,1344,78,0.987,1
2015,NL,162,79,0.487654321,720,5649,1494,154,490,1312,132,713,4.04,1450,86,0.986,1
2015,NL,162,74,0.456790123,650,5457,1324,148,426,1327,82,731,4.09,1371,92,0.985,0
2015,NL,162,68,0.419753086,737,5572,1479,186,388,1283,97,844,5.04,1579,95,0.985,0
